Rank,Channel,Videos,Subscribers,Views
#1,T-Series,19.81K,253M,237.8B
#2,MrBeast,767,210M,36.87B
#3,Cocomelon - Nursery Rhymes,1.03K,167M,170.37B
#4,SET India,121.48K,165M,153.88B
#5,✿ Kids Diana Show,1.14K,115M,96.9B
#6,PewDiePie,4.74K,111M,29.16B
#7,Like Nastya,847,110M,94.79B
#8,Vlad and Niki,610,104M,81.51B
#9,Zee Music Company,9.44K,102M,61.74B
#10,WWE,72.41K,98M,79.86B
#11,BLACKPINK,585,92.1M,33.9B
#12,Goldmines,7.15K,91.8M,26.41B
#13,Sony SAB,75.54K,86.9M,106.65B
#14,5-Minute Crafts,6.68K,80.4M,26.72B
#15,BANGTANTV,2.38K,76.8M,21.8B
#16,Zee TV,144.78K,74.3M,82.81B
#17,HYBE LABELS,1.54K,73.3M,31.04B
#18,Justin Bieber,249,72.2M,31.35B
#19,Pinkfong Baby Shark - Kids' Songs & Stories,3.05K,70.9M,40.68B
#20,ChuChu TV Nursery Rhymes & Kids Songs,719,68.6M,48.13B
#21,Colors TV,122.44K,68.3M,65.68B
#22,Shemaroo Filmi Gaane,8.57K,66.8M,29.52B
#23,Canal KondZilla,2.68K,66.7M,37.69B
#24,T-Series Bhakti Sagar,26.74K,64.3M,31.56B
#25,Tips Official,5.12K,62.1M,35.42B
#26,El Reino Infantil,1.58K,60.9M,60.27B
#27,Movieclips,39.8K,60.1M,60.21B
#28,Dude Perfect,405,59.9M,16.74B
#29,Aaj Tak,313.78K,59.8M,27.14B
#30,Wave Music,19.73K,59.6M,41.39B
#31,Sony Music India,4.15K,58.5M,29.99B
#32,EminemMusic,157,57.8M,27.98B
#33,YRF,3.86K,57M,37.7B
#34,Infobells - Hindi,611,57M,32.92B
#35,Marshmello,453,56.7M,14.87B
#36,LooLoo Kids - Nursery Rhymes and Children's Songs,753,55.3M,33.41B
#37,Taylor Swift,223,55.2M,32.03B
#38,BillionSurpriseToys - Nursery Rhymes & Cartoons,914,54.1M,11.03B
#39,Ed Sheeran,453,53.8M,31.16B
#40,Ariana Grande,154,53.1M,24.67B
#41,Shemaroo,11.32K,49.9M,23.41B
#42,JuegaGerman,2.08K,48.8M,14.91B
#43,Billie Eilish,79,48.8M,14.18B
#44,ARY Digital HD,121.87K,48.4M,44.36B
#45,SonyMusicIndiaVEVO,3.56K,48.1M,28.74B
#46,HAR PAL GEO,112.08K,47.7M,45.38B
#47,Bad Bunny,153,47.1M,32.61B
#48,Badabun,19.67K,47.1M,19.56B
#49,Toys and Colors,1.1K,46.9M,53.46B
#50,Fernanfloo,544,46.6M,10.44B
#51,Voot Kids,5.08K,46.4M,22.07B
#52,Felipe Neto,4.53K,45.8M,17.08B
#53,ABS-CBN Entertainment,202.65K,45.7M,51.26B
#54,Mikecrack,1.96K,45.1M,17.27B
#55,Shakira,338,45M,28.86B
#56,Você Sabia?,1.62K,45M,7.96B
#57,Katy Perry,134,44.5M,25.75B
#58,Alan Walker,479,44.5M,13.28B
#59,BRIGHT SIDE,6.82K,44.5M,10.87B
#60,whinderssonnunes,660,44.4M,4.36B
#61,HolaSoyGerman.,136,43.6M,4.86B
#62,Speed Records,11.11K,43M,27.53B
#63,Ishtar Music,4.51K,42.9M,18.61B
#64,Kimberly Loaiza,305,42.9M,6.05B
#65,Like Nastya Show,651,42.6M,19.88B
#66,Rihanna,84,42.4M,23.14B
#67,Jess No Limit,2.56K,42.2M,5.24B
#68,Luisito Comunica,1.31K,41.4M,9.07B
#69,shfa2 - شفا,1.66K,41.1M,25.01B
#70,Little Baby Bum - Nursery Rhymes & Kids Songs,2.51K,40.9M,39.71B
#71,LUCCAS NETO - LUCCAS TOON,2.43K,40.7M,23.32B
#72,CarryMinati,189,40.6M,3.49B
#73,Super Simple Songs - Kids Songs,773,40.4M,47.3B
#74,elrubiusOMG,701,40.3M,7.42B
#75,Sony PAL,25.53K,40.2M,30.31B
#76,BETER BÖCÜK,3.38K,40.1M,23.88B
#77,MrBeast Gaming,141,39.9M,7.05B
#78,Ricis Official,3.36K,39.9M,6.74B
#79,WorkpointOfficial,75.7K,39.8M,36.9B
#80,Goldmines Gaane Sune Ansune,3.63K,39.8M,17.64B
#81,XXXTENTACION,135,39.6M,10.64B
#82,TEDx Talks,205.52K,39.6M,7.58B
#83,GR6 EXPLODE,3.16K,39.5M,26.19B
#84,shfa,1.04K,39.5M,22.58B
#85,ABP NEWS,330.5K,38.8M,14.21B
#86,ช่อง one31,126.25K,38.6M,26.24B
#87,One Direction,157,38.4M,13.77B
#88,YouTube,787,38.4M,3.39B
#89,Maria Clara & JP,766,38.3M,25.33B
#90,Daddy Yankee,524,38.3M,23.41B
#91,YOLO AVENTURAS,1.95K,38.3M,11.79B
#92,TheEllenShow,16.05K,38.2M,22.91B
#93,Saregama Music,8.07K,38M,17.49B
#94,PowerKids TV,6.85K,37.8M,19.92B
#95,Ultra Bollywood,9.48K,37.7M,15.99B
#96,T-Series Bollywood Classics,2.03K,37.4M,24.08B
#97,Jkk Entertainment,226,37.4M,16.6B
#98,La Granja de Zenón,678,37.3M,28.6B
#99,Bruno Mars,99,37.3M,20B
#100,IndiaTV,286.84K,37.3M,17.49B
#101,TheDonato,3.2K,37.1M,6.85B
#102,Maroon 5,173,36.8M,23.15B
#103,Techno Gamerz,991,36.8M,10.61B
#104,Total Gaming,1.26K,36.8M,5.84B
#105,Genevieve's Playhouse - Learning Videos for Kids,625,36.4M,27.02B
#106,Ozuna,205,36.4M,23.97B
#107,ZAMZAM ELECTRONICS TRADING,16.49K,36.3M,15.76B
#108,Fede Vigevani,1.16K,36.1M,10.05B
#109,StarPlus,62.58K,36M,33.31B
#110,Ryan's World,2.57K,35.8M,56.14B
#111,Markiplier,5.53K,35.8M,20.75B
#112,Jingle Toons,244,35.5M,11.91B
#113,T-Series Apna Punjab,7.96K,35.3M,22.16B
#114,DaFuq!?Boom!,258,34.7M,13.4B
#115,Geet MP3,684,34.7M,13.1B
#116,Galinha Pintadinha,66,34.6M,29.24B
#117,PANDA BOI,1.06K,34.6M,21.32B
#118,Rajshri,4.05K,34.6M,15.68B
#119,AboFlah,673,34.6M,5.11B
#120,KL BRO Biju Rithvik,2.1K,34.5M,26.54B
#121,CVS 3D Rhymes & Kids Songs,338,34.4M,20.86B
#122,Ch3Thailand,97.98K,34.3M,30.14B
#123,Selena Gomez,192,34.3M,13.44B
#124,J Balvin,164,34.2M,23.29B
#125,Dushyant kukreja,993,34.2M,20.75B
#126,SSSniperWolf,3.45K,34.1M,24.13B
#127,VEGETTA777,7.74K,33.9M,15.57B
#128,Alan Chikin Chow,998,33.8M,32.01B
#129,MrBeast 2,114,33.8M,5.72B
#130,BabyBus - Kids Songs and Cartoons,2.26K,33.7M,27.09B
#131,Desi Music Factory,130,33.7M,10.35B
#132,Frost Diamond,3.01K,33.7M,7.93B
#133,DisneyMusicVEVO,2.17K,33.6M,29.85B
#134,The Weeknd,169,33.6M,24.77B
#135,WowKidz,5.25K,33.6M,17.41B
#136,MR. INDIAN HACKER,948,33.6M,6.02B
#137,GMA Network,115.37K,33.5M,24.86B
#138,KAROL G,151,33.5M,20.91B
#139,KHANDESHI MOVIES,225,33.5M,11.53B
#140,NoCopyrightSounds,1.42K,33.5M,10.77B
#141,Eros Now Music,9.85K,33.2M,18.32B
#142,Lucas and Marcus,1.48K,33.2M,12.8B
#143,Peppa Pig - Official Channel,4.44K,32.9M,23.94B
#144,Zee News,195.11K,32.9M,18.96B
#145,Shorts Break,521,32.8M,22.29B
#146,Worldwide Records Bhojpuri,6.74K,32.7M,17.01B
#147,Mr Bean,3.22K,32.5M,10.83B
#148,rezendeevil,11.99K,32.3M,13.25B
#149,SMTOWN,4.26K,32.2M,28.26B
#150,DONA 도나,168,32M,21.57B
#151,Zhong,1.63K,32M,15.96B
#152,Dream,119,31.9M,3.07B
#153,GENIAL,7.21K,31.8M,6.86B
#154,HUM TV,117.42K,31.6M,27B
#155,Luis Fonsi,209,31.6M,15.32B
#156,JustinBieberVEVO,204,31.5M,27.07B
#157,Round2hell,67,31.5M,3.23B
#158,व्लाद और निकिता,564,31.4M,18.52B
#159,Enaldinho,3.89K,31.4M,12.94B
#160,The Tonight Show Starring Jimmy Fallon,9.25K,31.3M,17.15B
#161,ImagineDragons,102,31.1M,17.44B
#162,Junya.じゅんや,7.35K,31M,18.94B
#163,Gulshan Kalra,576,30.9M,14.26B
#164,قناة طيور الجنة | toyoraljanahtv,3.23K,30.7M,28.08B
#165,Little Angel: Nursery Rhymes & Kids Songs,1.4K,30.7M,22.93B
#166,Adele,15,30.7M,14.68B
#167,Beast Reacts,239,30.7M,5.31B
#168,AH,2.9K,30.7M,4.6B
#169,jacksepticeye,5.16K,30.5M,16.49B
#170,Talking Tom,572,30.5M,15.51B
#171,Trap Nation,2.79K,30.4M,14.21B
#172,Boram Tube Vlog [보람튜브 브이로그],225,30.4M,13.66B
#173,Spinnin' Records,11.8K,30.2M,20.01B
#174,Aditya Movies,6.07K,30.2M,11.13B
#175,infobells - Tamil,590,30.1M,18.68B
#176,Shawn Mendes,133,30.1M,13.17B
#177,infobells - Telugu,540,30M,15.83B
#178,Masha y el Oso,1.23K,30M,14.57B
#179,Shemaroo Movies,3.16K,30M,8.24B
#180,ashish chanchlani vines,153,30M,4.57B
#181,Ultra Records,4.94K,29.9M,17.01B
#182,Maluma,37,29.6M,21.79B
#183,Akshay Nagwadiya,708,29.5M,9.75B
#184,Aditya Music India,22.08K,29.3M,27.08B
#185,Goldmines Dishoom,4.24K,29.3M,9.15B
#186,Michael Jackson,17,29.1M,14.94B
#187,AuronPlay,404,29.1M,4.13B
#188,Alejo Igoa,906,29M,12.95B
#189,LankyBox,9.94K,28.9M,37.97B
#190,★ Kids Roma Show,656,28.8M,11.21B
#191,LeoNata Family,2.67K,28.7M,32.31B
#192,Drake,61,28.7M,16.31B
#193,Crazy XYZ,1.3K,28.5M,8.18B
#194,The Late Late Show with James Corden,5.8K,28.4M,10.05B
#195,JYP Entertainment,1.92K,28.3M,21.02B
#196,DanTDM,3.69K,28.3M,19.62B
#197,toycantando,699,28.3M,16.32B
#198,mujjuu___14,946,28.3M,16.22B
#199,Bounce Patrol - Kids Songs,324,28.2M,21.21B
#200,Nick Jr.,5.4K,28.1M,22.64B
#201,Heroindori,527,28.1M,10.66B
#202,Sandeep Maheshwari,630,28.1M,2.39B
#203,NichLmao,955,28M,15.47B
#204,Wiz Khalifa,723,27.9M,13.71B
#205,Goldmines Bollywood,4K,27.9M,9.17B
#206,Spider Slack,1.02K,27.8M,16.29B
#207,Brent Rivera,575,27.8M,7.06B
#208,D Billions,884,27.7M,34.71B
#209,Mark Rober,128,27.6M,4.28B
#210,김프로KIMPRO,2.15K,27.5M,28.49B
#211,Daniel LaBelle,305,27.4M,14.92B
#212,Renato Garcia YT,4.12K,27.4M,8.21B
#213,Indosiar,24.26K,27.4M,5.56B
#214,Kids TV - Nursery Rhymes And Baby Songs,4K,27.3M,13.89B
#215,Netflix,6.8K,27.3M,7.69B
#216,That Little Puff,827,27.2M,23.06B
#217,ToyPuddingTV,2.42K,27.1M,15.99B
#218,Raffy Tulfo in Action,10.41K,27M,15.45B
#219,enchufetv,1.6K,27M,10.49B
#220,WORLDSTARHIPHOP,6.92K,26.6M,20.6B
#221,America's Got Talent,2.02K,26.6M,4.62B
#222,The Lallantop,55.19K,26.5M,11.41B
#223,Tilak,8.11K,26.5M,10.73B
#224,Smosh,1.71K,26.5M,10.64B
#225,Beyoncé,243,26.4M,17.84B
#226,Diana and Roma HIN,607,26.4M,12.19B
#227,BB Ki Vines,191,26.4M,4.84B
#228,Nicki Minaj,47,26.3M,10.6B
#229,ABPLIVE,195.43K,26.3M,8.59B
#230,Tsuriki Show,3.36K,26.2M,34.18B
#231,Marília Mendonça,145,26.2M,19.13B
#232,1MILLION Dance Studio,6.35K,26.2M,8.04B
#233,David Guetta,770,26.1M,18.36B
#234,Topper Guild,916,26.1M,17.27B
#235,Post Malone,86,26.1M,15.19B
#236,Azhan5star,744,26.1M,11.52B
#237,ZHC,321,26.1M,2.95B
#238,WB Kids,2.11K,26M,11.6B
#239,VanossGaming,1.82K,25.9M,15.78B
#240,LosPolinesios,1.01K,25.9M,7.62B
#241,Sagawa /さがわ,7.06K,25.8M,21.11B
#242,Dan Rhodes,1.65K,25.8M,18.11B
#243,Ishaan Ali 11,1.07K,25.8M,15.21B
#244,unknown boy varun,536,25.8M,10.43B
#245,Coldplay,404,25.7M,17.94B
#246,Chris Brown,38,25.7M,16.02B
#247,Anuel AA,148,25.7M,15.68B
#248,Rans Entertainment,3.92K,25.7M,6.6B
#249,TaylorSwiftVEVO,307,25.6M,26.82B
#250,TRANS7 OFFICIAL,92.36K,25.5M,14.67B
